employee_id,name,gender,birth_date,hire_date,department_id,position,employment_type,salary_grade
E00001,渡辺 結衣,F,1990-05-18,2024-04-17,D016,係長,正社員,G2
E00002,佐々木 陽子,F,1994-04-12,2021-03-30,D016,一般,正社員,G4
E00003,中村 香織,F,1985-09-04,2021-09-21,D001,係長,正社員,G2
E00004,池田 さゆり,F,1988-10-03,2013-03-03,D001,課長,正社員,G2
E00005,松本 結衣,F,1969-12-21,2006-05-11,D003,主任,正社員,G3
E00006,中村 英樹,M,1992-12-22,2018-07-24,D003,係長,派遣社員,G3
E00007,藤原 篤司,M,1982-10-30,2013-07-26,D012,課長,正社員,G2
E00008,藤井 直子,F,1983-12-14,2016-08-04,D007,一般,正社員,G5
E00009,前田 健一,M,1977-08-31,2025-12-09,D009,主任,契約社員,G4
E00010,佐々木 直人,M,1993-08-04,2024-06-02,D013,係長,正社員,G1
E00011,田中 里佳,F,1996-09-26,2019-02-04,D005,一般,契約社員,G2
E00012,斎藤 裕太,M,1993-07-23,2025-06-05,D002,一般,正社員,G4
E00013,松本 稔,M,1975-05-24,2008-06-04,D015,主任,正社員,G3
E00014,林 智也,M,1982-08-28,2010-03-25,D007,主任,正社員,G2
E00015,中村 加奈,F,1966-01-09,2012-05-03,D013,主任,正社員,G3
E00016,高橋 あすか,F,1983-11-22,2018-07-26,D006,一般,正社員,G4
E00017,山本 里佳,F,1977-09-17,1999-07-16,D010,係長,正社員,G3
E00018,三浦 太一,M,1989-05-13,2022-08-11,D016,一般,契約社員,G3
E00019,鈴木 七夏,F,1999-09-09,2023-07-19,D012,課長,派遣社員,G3
E00020,岡田 真綾,F,1991-03-08,2013-08-16,D015,係長,契約社員,G5
E00021,山本 舞,F,1979-08-29,2002-08-29,D008,課長,正社員,G6
E00022,佐藤 裕美子,F,1995-11-02,2023-04-29,D016,一般,契約社員,G3
E00023,佐藤 聡太郎,M,1994-08-12,2024-10-14,D004,主任,正社員,G3
E00024,佐藤 淳,M,1982-09-02,2021-07-09,D016,一般,正社員,G3
E00025,林 裕美子,F,1976-01-28,2008-10-29,D006,部長,正社員,G3
E00026,渡辺 あすか,F,1993-11-04,2017-05-09,D010,課長,正社員,G5
E00027,山田 里佳,F,1990-01-09,2012-12-25,D001,一般,正社員,G4
E00028,高橋 七夏,F,1986-06-23,2010-06-20,D016,課長,正社員,G3
E00029,加藤 加奈,F,1984-07-15,2014-09-05,D014,係長,正社員,G4
E00030,鈴木 聡太郎,M,1977-08-02,2001-07-27,D011,課長,正社員,G5
E00031,山田 知実,F,1990-11-07,2020-01-26,D004,一般,正社員,G2
E00032,阿部 加奈,F,1988-11-23,2022-10-13,D011,課長,正社員,G4
E00033,西村 聡太郎,M,1982-08-31,2021-01-30,D008,一般,正社員,G6
E00034,中村 舞,F,1992-06-26,2015-03-05,D010,課長,正社員,G4
E00035,山崎 裕美子,F,1977-01-09,2012-06-24,D016,課長,正社員,G6
E00036,鈴木 桃子,F,2000-12-17,2023-04-10,D014,一般,正社員,G3
E00037,井上 康弘,M,2003-04-27,2025-07-22,D003,部長,正社員,G3
E00038,山本 直子,F,1991-11-08,2015-11-16,D013,主任,正社員,G4
E00039,鈴木 直子,F,1988-03-28,2015-11-07,D016,課長,契約社員,G3
E00040,井上 亮介,M,1982-07-25,2024-06-08,D002,主任,契約社員,G5
E00041,吉田 明美,F,1989-08-07,2013-04-01,D009,部長,正社員,G3
E00042,阿部 晃,M,1990-03-17,2019-12-12,D016,主任,契約社員,G4
E00043,藤原 晃,M,1978-12-01,2019-06-10,D002,係長,正社員,G2
E00044,石井 零,M,1989-08-22,2018-02-02,D005,係長,正社員,G3
E00045,山本 裕美子,F,1986-11-30,2024-08-12,D010,主任,正社員,G3
E00046,松本 幹,F,1982-04-23,2013-10-16,D003,一般,正社員,G5
E00047,伊藤 花子,F,1967-04-19,2025-02-18,D015,課長,正社員,G5
E00048,森 淳,M,1987-03-05,2019-11-17,D006,課長,正社員,G3
E00049,清水 淳,M,1983-10-08,2011-10-18,D011,係長,正社員,G4
E00050,松本 翔太,M,1988-12-07,2013-11-24,D010,主任,契約社員,G3
E00051,小林 淳,M,1986-02-12,2017-07-07,D016,主任,正社員,G3
E00052,林 拓真,M,1980-08-03,2024-03-30,D004,課長,正社員,G6
E00053,山田 直子,F,1978-03-13,2017-08-30,D014,主任,正社員,G3
E00054,中村 洋介,M,1995-04-29,2021-04-13,D016,一般,正社員,G6
E00055,山本 裕太,M,1976-01-17,2004-08-11,D015,主任,正社員,G1
E00056,石井 花子,F,1986-04-13,2016-01-14,D014,一般,正社員,G5
E00057,三浦 智也,M,1984-05-17,2018-09-07,D015,一般,契約社員,G4
E00058,佐々木 直子,F,1983-09-22,2008-05-11,D008,主任,契約社員,G2
E00059,山崎 知実,F,1980-03-05,2004-03-25,D014,一般,契約社員,G2
E00060,吉田 春香,F,1992-02-12,2021-12-23,D005,一般,正社員,G4
E00061,中島 直子,F,1979-11-04,2004-04-11,D015,主任,正社員,G6
E00062,高橋 花子,F,1985-09-01,2021-05-09,D009,一般,正社員,G2
E00063,高橋 陽子,F,1967-08-10,2000-02-02,D001,課長,正社員,G4
E00064,佐々木 健一,M,1997-08-03,2020-12-07,D003,主任,正社員,G6
E00065,近藤 英樹,M,1977-07-06,2012-12-10,D006,一般,正社員,G3
E00066,森 あすか,F,2002-02-04,2024-10-19,D002,一般,正社員,G2
E00067,藤田 充,M,1992-03-25,2017-11-17,D009,主任,正社員,G5
E00068,鈴木 晃,M,1998-11-30,2025-08-17,D016,主任,正社員,G6
E00069,佐藤 幹,F,1992-09-06,2018-07-11,D011,主任,正社員,G1
E00070,渡辺 京助,M,1971-02-02,2023-05-17,D008,係長,正社員,G5
E00071,渡辺 篤司,M,1980-04-18,2007-04-23,D010,係長,契約社員,G5
E00072,藤井 洋介,M,1990-05-27,2024-06-16,D014,一般,契約社員,G4
E00073,福田 充,M,1989-01-10,2012-05-25,D013,一般,正社員,G2
E00074,村上 美加子,F,1985-02-05,2023-11-29,D009,一般,正社員,G1
E00075,高橋 くみ子,F,1972-01-14,2021-03-22,D001,一般,正社員,G2
E00076,近藤 翔太,M,1993-07-11,2017-12-26,D011,係長,契約社員,G4
E00077,山本 裕樹,M,1977-10-19,2002-09-28,D011,一般,正社員,G3
E00078,小林 篤司,M,2003-09-03,2025-11-22,D010,一般,正社員,G4
E00079,佐藤 康弘,M,1975-06-29,2017-02-26,D003,主任,正社員,G4
E00080,佐藤 里佳,F,1989-06-27,2017-07-17,D003,課長,正社員,G3
E00081,石川 真綾,F,2001-02-04,2023-08-23,D005,主任,正社員,G3
E00082,小林 浩,M,1978-08-29,2015-05-14,D003,一般,契約社員,G6
E00083,山田 直樹,M,1987-09-27,2015-10-30,D011,部長,正社員,G3
E00084,松本 知実,F,1998-06-25,2021-03-12,D005,主任,正社員,G3
E00085,山口 太郎,M,1980-03-10,2020-01-28,D010,一般,正社員,G5
E00086,伊藤 裕太,M,1997-01-31,2025-05-10,D008,課長,正社員,G2
E00087,井上 あすか,F,1982-07-28,2010-02-01,D013,一般,正社員,G5
E00088,山下 涼平,M,1975-08-24,2017-09-28,D008,係長,正社員,G2
E00089,岡本 太一,M,1965-09-19,2005-07-05,D010,主任,正社員,G5
E00090,石川 美加子,F,1985-01-05,2021-07-11,D005,一般,正社員,G3
E00091,村上 涼平,M,1990-05-28,2024-04-19,D005,部長,正社員,G4
E00092,松本 篤司,M,1988-01-20,2015-04-01,D015,部長,正社員,G5
E00093,高橋 稔,M,1992-08-29,2022-07-31,D002,一般,正社員,G5
E00094,鈴木 さゆり,F,1992-11-23,2022-04-10,D004,係長,正社員,G2
E00095,鈴木 浩,M,1996-01-11,2021-11-06,D005,一般,正社員,G4
E00096,藤田 和也,M,1984-07-16,2015-03-23,D009,課長,契約社員,G2
E00097,中村 零,M,1984-10-11,2023-04-11,D008,課長,正社員,G3
E00098,木村 零,M,1984-06-22,2025-09-28,D014,部長,正社員,G5
E00099,坂本 聡太郎,M,1984-04-28,2014-12-17,D011,主任,正社員,G3
E00100,渡辺 知実,F,1993-05-01,2021-06-23,D008,主任,正社員,G1
E00101,森 智也,M,1989-06-28,2016-06-20,D001,主任,正社員,G4
E00102,小林 学,M,1969-02-15,2023-01-23,D016,課長,正社員,G1
E00103,阿部 充,M,1993-09-07,2019-03-13,D011,一般,正社員,G4
E00104,井上 康弘,M,1986-02-10,2022-10-13,D013,課長,正社員,G4
E00105,遠藤 明美,F,1986-06-30,2016-06-21,D005,一般,正社員,G3
E00106,小林 七夏,F,1980-08-22,2025-11-21,D010,一般,正社員,G6
E00107,佐藤 直子,F,1991-04-19,2024-06-01,D005,一般,正社員,G3
E00108,加藤 香織,F,1981-06-17,2004-11-01,D005,係長,正社員,G3
E00109,井上 裕太,M,1969-09-19,2001-10-24,D013,課長,正社員,G2
E00110,松本 七夏,F,1997-05-26,2022-09-10,D012,主任,正社員,G1
E00111,橋本 真綾,F,2000-06-09,2022-06-29,D008,係長,正社員,G3
E00112,太田 美加子,F,1983-09-23,2016-09-22,D001,課長,正社員,G1
E00113,佐藤 桃子,F,1990-08-17,2024-10-24,D008,係長,派遣社員,G1
E00114,高橋 和也,M,2001-02-05,2023-01-29,D016,主任,正社員,G5
E00115,阿部 篤司,M,1981-01-16,2010-03-07,D011,課長,正社員,G1
E00116,渡辺 さゆり,F,2003-10-23,2025-05-21,D003,部長,正社員,G5
E00117,山下 加奈,F,1965-02-12,2024-11-17,D007,一般,正社員,G5
E00118,橋本 洋介,M,1980-09-16,2024-10-08,D010,一般,契約社員,G3
E00119,小林 千代,F,1989-05-04,2016-03-09,D007,係長,正社員,G1
E00120,佐藤 さゆり,F,1984-12-01,2025-07-05,D008,主任,契約社員,G3
E00121,斉藤 太一,M,1991-04-09,2018-12-19,D006,一般,正社員,G3
E00122,高橋 康弘,M,1992-02-11,2022-09-18,D002,一般,正社員,G3
E00123,西村 さゆり,F,1978-03-19,2015-10-12,D007,課長,正社員,G2
E00124,岡田 浩,M,1985-09-22,2009-04-23,D007,課長,正社員,G6
E00125,佐藤 直樹,M,1966-11-02,2025-01-04,D011,主任,正社員,G3
E00126,松田 舞,F,1990-12-06,2024-09-12,D004,一般,正社員,G3
E00127,坂本 真綾,F,1985-04-08,2025-10-24,D007,主任,正社員,G5
E00128,山下 康弘,M,1984-06-24,2021-12-12,D016,課長,契約社員,G2
E00129,伊藤 陽子,F,1993-05-11,2019-07-22,D004,一般,正社員,G2
E00130,渡辺 里佳,F,1987-05-31,2010-08-18,D005,主任,正社員,G3
E00131,斎藤 千代,F,1999-07-07,2021-08-17,D006,一般,正社員,G3
E00132,山本 裕美子,F,2003-02-19,2025-07-28,D011,一般,正社員,G6
E00133,田中 修平,M,1994-01-04,2023-07-09,D005,一般,正社員,G3
E00134,長谷川 あすか,F,1974-02-26,2017-02-25,D006,一般,正社員,G3
E00135,小川 結衣,F,1981-04-18,2005-10-06,D003,一般,正社員,G6
E00136,阿部 直人,M,1987-01-12,2021-03-07,D006,部長,正社員,G2
E00137,西村 陽一,M,1991-06-19,2021-11-06,D014,一般,派遣社員,G1
E00138,山口 陽一,M,1982-08-19,2014-09-08,D010,主任,正社員,G6
E00139,井上 英樹,M,1997-03-28,2025-12-26,D011,係長,正社員,G3
E00140,斎藤 結衣,F,1974-07-12,2010-11-10,D004,係長,正社員,G4
E00141,佐藤 桃子,F,1985-08-29,2012-03-26,D002,係長,契約社員,G6
E00142,後藤 治,M,1996-08-20,2021-01-24,D011,一般,派遣社員,G3
E00143,松本 美加子,F,1986-12-06,2023-04-23,D014,部長,正社員,G5
E00144,斎藤 治,M,1988-06-03,2013-07-07,D010,部長,契約社員,G3
E00145,長谷川 翔太,M,1996-01-27,2025-03-30,D010,主任,正社員,G2
E00146,吉田 治,M,1996-10-03,2021-06-11,D004,係長,正社員,G3
E00147,田中 智也,M,1985-03-07,2016-04-13,D003,係長,契約社員,G2
E00148,山口 晃,M,1995-11-12,2017-02-05,D015,主任,正社員,G5
E00149,後藤 陽子,F,1990-08-22,2012-04-25,D011,課長,正社員,G3
E00150,佐藤 香織,F,1977-07-15,2020-12-01,D008,課長,正社員,G4
E00151,中村 洋介,M,1977-07-19,2013-10-13,D010,主任,正社員,G2
E00152,池田 翔太,M,1988-08-10,2015-01-12,D002,係長,正社員,G2
E00153,高橋 里佳,F,1973-09-14,2000-07-24,D005,主任,正社員,G3
E00154,藤原 裕太,M,1997-01-02,2022-01-17,D009,係長,正社員,G5
E00155,山口 陽子,F,1988-01-26,2024-02-27,D008,主任,正社員,G3
E00156,藤田 花子,F,1989-02-07,2016-03-29,D002,係長,正社員,G1
E00157,松本 涼平,M,1990-04-16,2018-04-18,D016,係長,正社員,G4
E00158,加藤 裕樹,M,1996-08-30,2019-08-31,D001,一般,契約社員,G3
E00159,坂本 陽子,F,1979-04-30,2012-02-04,D013,主任,正社員,G2
E00160,岡本 千代,F,1972-09-13,2006-03-09,D011,係長,正社員,G3
E00161,小林 淳,M,1998-09-15,2025-10-12,D012,係長,正社員,G4
E00162,伊藤 幹,F,1982-04-16,2015-11-20,D005,課長,派遣社員,G3
E00163,藤田 桃子,F,1973-03-24,2019-02-10,D003,課長,正社員,G6
E00164,高橋 結衣,F,1982-01-30,2007-02-14,D012,一般,契約社員,G5
E00165,石川 明美,F,1972-09-26,1998-03-17,D005,一般,正社員,G2
E00166,木村 陽一,M,1975-01-21,2000-10-13,D016,課長,正社員,G3
E00167,加藤 美加子,F,1985-11-13,2025-08-22,D016,主任,正社員,G4
E00168,池田 英樹,M,1985-10-02,2021-08-08,D005,課長,正社員,G4
E00169,村上 和也,M,1999-01-28,2023-01-15,D009,係長,正社員,G2
E00170,山口 学,M,1989-02-19,2015-05-05,D006,課長,正社員,G1
E00171,高橋 健一,M,1980-07-20,2011-02-09,D010,一般,正社員,G5
E00172,伊藤 翔太,M,1977-02-02,2001-09-30,D010,課長,契約社員,G4
E00173,伊藤 里佳,F,2003-10-31,2025-08-23,D002,課長,正社員,G3
E00174,伊藤 英樹,M,1988-02-18,2011-08-10,D007,課長,正社員,G2
E00175,山田 太一,M,1979-02-19,2014-07-22,D015,一般,契約社員,G5
E00176,林 零,M,1973-05-09,2006-04-27,D006,主任,正社員,G6
E00177,佐藤 康弘,M,1983-09-22,2012-04-29,D008,係長,派遣社員,G4
E00178,鈴木 零,M,1983-12-06,2011-10-03,D009,一般,正社員,G3
E00179,松本 里佳,F,1987-06-15,2013-10-03,D012,部長,正社員,G3
E00180,佐藤 直子,F,1998-07-29,2024-03-27,D013,係長,正社員,G3
E00181,木村 美加子,F,1995-03-03,2020-04-11,D015,主任,正社員,G3
E00182,松本 知実,F,1991-04-11,2014-11-01,D001,部長,派遣社員,G3
E00183,森 裕太,M,1978-04-05,2022-11-28,D015,一般,正社員,G3
E00184,中村 京助,M,1985-01-10,2025-03-22,D015,一般,正社員,G2
E00185,西村 裕樹,M,1997-09-23,2025-06-27,D012,一般,派遣社員,G1
E00186,渡辺 美加子,F,1991-10-30,2019-02-22,D008,係長,正社員,G3
E00187,佐藤 結衣,F,1997-08-10,2025-05-01,D008,一般,正社員,G3
E00188,山本 真綾,F,1985-12-27,2010-08-17,D003,課長,契約社員,G4
E00189,三浦 七夏,F,1993-08-08,2024-04-11,D011,一般,正社員,G2
E00190,後藤 桃子,F,1995-03-16,2023-06-26,D004,一般,派遣社員,G5
E00191,山崎 晃,M,1991-10-10,2021-10-16,D011,部長,正社員,G3
E00192,山下 桃子,F,1995-05-10,2023-01-24,D012,主任,正社員,G3
E00193,松本 裕美子,F,1987-11-08,2017-02-01,D009,一般,正社員,G4
E00194,松本 千代,F,1990-11-05,2022-03-12,D007,一般,正社員,G3
E00195,近藤 太郎,M,1989-11-26,2014-01-24,D010,一般,正社員,G5
E00196,三浦 智也,M,2001-02-02,2024-08-19,D005,一般,正社員,G6
E00197,後藤 聡太郎,M,1987-02-23,2018-08-06,D006,主任,正社員,G5
E00198,清水 真綾,F,1981-08-13,2004-01-15,D015,係長,契約社員,G1
E00199,山田 香織,F,1985-01-14,2023-06-18,D016,主任,正社員,G2
E00200,山崎 零,M,2003-09-29,2025-06-21,D009,一般,正社員,G2
E00201,池田 浩,M,2002-07-21,2025-07-28,D004,一般,正社員,G3
E00202,渡辺 花子,F,2003-01-15,2025-01-27,D015,一般,正社員,G6
E00203,前田 治,M,1983-03-20,2024-04-17,D015,係長,正社員,G5
E00204,佐藤 さゆり,F,1982-05-27,2007-06-16,D007,課長,契約社員,G4
E00205,橋本 花子,F,2003-10-31,2025-05-08,D007,一般,派遣社員,G2
E00206,長谷川 舞,F,1983-07-14,2014-05-24,D007,課長,正社員,G5
E00207,遠藤 幹,F,1991-04-06,2025-04-26,D010,部長,派遣社員,G5
E00208,田中 裕太,M,1980-10-24,2024-12-06,D016,一般,正社員,G5
E00209,前田 春香,F,1989-07-13,2018-01-06,D013,係長,正社員,G4
E00210,森 涼平,M,1981-10-27,2005-06-29,D004,係長,正社員,G3
E00211,斎藤 直子,F,1993-01-03,2015-02-06,D006,一般,正社員,G6
E00212,岡田 晃,M,1981-06-28,2004-07-28,D016,係長,正社員,G4
E00213,山本 直人,M,1977-04-03,2016-12-18,D003,主任,正社員,G4
E00214,山口 明美,F,1982-12-29,2012-04-30,D013,主任,正社員,G1
E00215,吉田 拓真,M,1973-05-03,1996-12-27,D007,主任,正社員,G2
E00216,鈴木 桃子,F,1993-02-11,2025-06-26,D012,課長,正社員,G2
E00217,佐藤 直子,F,1991-04-26,2023-05-23,D014,一般,正社員,G4
E00218,藤田 舞,F,2001-08-11,2025-12-22,D002,係長,正社員,G3
E00219,高橋 裕樹,M,1984-06-01,2012-11-11,D004,係長,派遣社員,G2
E00220,山本 太郎,M,1981-11-03,2006-02-02,D014,主任,正社員,G2
E00221,藤井 裕樹,M,1965-05-17,2019-01-21,D015,一般,正社員,G2
E00222,田中 太一,M,1982-08-21,2014-01-20,D014,係長,正社員,G2
E00223,佐藤 春香,F,2003-01-15,2025-10-15,D003,一般,正社員,G1
E00224,松田 康弘,M,1979-01-25,2009-04-16,D012,一般,契約社員,G6
E00225,田中 舞,F,1983-06-01,2008-12-19,D008,課長,正社員,G2
E00226,伊藤 涼平,M,1981-01-26,2022-05-13,D005,一般,正社員,G6
E00227,石川 結衣,F,1986-11-05,2023-02-26,D015,主任,契約社員,G2
E00228,斉藤 学,M,1982-09-05,2017-02-08,D002,主任,正社員,G2
E00229,藤井 稔,M,1985-08-26,2022-09-26,D007,部長,正社員,G4
E00230,村上 さゆり,F,1984-08-28,2007-06-26,D008,課長,契約社員,G3
E00231,中島 知実,F,2003-12-06,2025-03-09,D003,一般,正社員,G4
E00232,佐藤 直樹,M,1990-07-08,2019-09-12,D009,一般,正社員,G4
E00233,山口 陽一,M,1983-10-24,2025-01-03,D012,係長,正社員,G6
E00234,伊藤 治,M,1988-10-22,2017-06-02,D015,係長,正社員,G2
E00235,佐藤 翔太,M,1981-04-20,2008-10-04,D016,主任,正社員,G4
E00236,岡本 里佳,F,1976-05-19,2000-09-10,D016,一般,正社員,G2
E00237,藤井 学,M,2001-07-05,2024-08-16,D002,係長,正社員,G4
E00238,林 くみ子,F,1984-02-26,2023-08-29,D004,一般,契約社員,G6
E00239,小林 太一,M,1985-05-10,2008-11-29,D016,課長,正社員,G3
E00240,斉藤 淳,M,1990-02-11,2014-08-29,D009,課長,契約社員,G2
E00241,長谷川 淳,M,1991-03-28,2018-02-18,D014,一般,契約社員,G2
E00242,渡辺 裕太,M,1985-10-29,2025-03-02,D012,課長,正社員,G6
E00243,岡本 結衣,F,2001-04-30,2025-05-30,D008,一般,正社員,G3
E00244,山田 さゆり,F,1981-08-19,2020-06-25,D008,一般,正社員,G3
E00245,山本 拓真,M,1994-10-03,2017-06-21,D008,係長,正社員,G2
E00246,小川 結衣,F,1991-05-16,2019-03-25,D013,主任,正社員,G2
E00247,前田 直樹,M,1984-04-01,2023-09-11,D013,一般,正社員,G3
E00248,石井 花子,F,1981-01-15,2013-09-01,D011,部長,正社員,G3
E00249,清水 和也,M,1979-05-29,2023-08-06,D014,課長,正社員,G4
E00250,佐藤 春香,F,1989-11-28,2014-07-21,D013,一般,正社員,G2
E00251,小林 浩,M,2001-04-11,2024-07-28,D002,係長,正社員,G4
E00252,中川 直子,F,1994-06-05,2016-10-09,D014,係長,正社員,G4
E00253,鈴木 千代,F,1988-07-28,2014-07-18,D013,一般,正社員,G4
E00254,斎藤 裕美子,F,1989-03-11,2023-08-30,D009,係長,正社員,G3
E00255,佐藤 亮介,M,1987-11-09,2021-04-27,D012,一般,正社員,G4
E00256,森 美加子,F,1986-07-09,2012-10-14,D006,一般,正社員,G2
E00257,西村 学,M,1994-10-19,2023-10-22,D007,一般,派遣社員,G1
E00258,田中 淳,M,1975-01-12,2025-08-02,D010,課長,正社員,G2
E00259,佐藤 花子,F,1987-07-09,2025-10-08,D010,一般,契約社員,G1
E00260,阿部 あすか,F,1997-11-15,2020-05-02,D012,一般,正社員,G2
E00261,山田 治,M,1988-11-02,2015-04-14,D002,係長,契約社員,G3
E00262,渡辺 知実,F,1980-01-01,2024-09-12,D012,一般,正社員,G2
E00263,山下 学,M,1984-09-17,2016-07-22,D003,係長,正社員,G2
E00264,高橋 浩,M,2001-09-18,2025-12-14,D001,一般,契約社員,G3
E00265,佐藤 里佳,F,1993-02-10,2021-12-06,D007,一般,正社員,G3
E00266,山崎 春香,F,1985-09-17,2008-09-17,D016,一般,正社員,G4
E00267,加藤 篤司,M,1965-07-07,1997-01-28,D005,係長,正社員,G4
E00268,岡田 裕樹,M,1988-12-29,2023-02-10,D010,部長,派遣社員,G3
E00269,佐藤 太一,M,1984-07-01,2020-10-03,D012,主任,正社員,G4
E00270,佐藤 京助,M,1993-06-16,2020-07-13,D007,主任,正社員,G4
E00271,中村 浩,M,1992-12-29,2016-07-19,D011,一般,正社員,G5
E00272,松本 篤司,M,1988-07-21,2010-04-17,D012,係長,正社員,G3
E00273,鈴木 康弘,M,2003-03-02,2025-08-01,D009,主任,正社員,G4
E00274,中村 里佳,F,1985-06-03,2023-05-29,D002,主任,正社員,G3
E00275,池田 英樹,M,1984-02-11,2020-07-13,D004,係長,正社員,G5
E00276,藤井 太一,M,1985-10-12,2011-03-11,D015,一般,正社員,G1
E00277,清水 千代,F,1992-08-21,2015-11-02,D016,一般,派遣社員,G2
E00278,伊藤 花子,F,1989-11-07,2019-01-12,D011,係長,正社員,G3
E00279,鈴木 康弘,M,1980-10-16,2011-09-25,D013,課長,正社員,G4
E00280,鈴木 桃子,F,1986-05-29,2012-07-22,D001,一般,正社員,G6
E00281,池田 陽一,M,1988-10-08,2020-07-04,D012,主任,正社員,G5
E00282,田中 あすか,F,1977-06-30,2013-09-18,D014,一般,正社員,G6
E00283,渡辺 七夏,F,1982-05-02,2007-06-27,D005,課長,正社員,G3
E00284,岡本 京助,M,1990-12-24,2017-12-10,D013,一般,正社員,G2
E00285,木村 裕美子,F,2003-10-04,2025-03-20,D004,一般,正社員,G3
E00286,中村 花子,F,2003-09-28,2025-08-15,D016,係長,正社員,G1
E00287,小川 洋介,M,1999-01-08,2025-09-19,D012,一般,契約社員,G2
E00288,山口 京助,M,1981-08-18,2022-03-04,D008,一般,正社員,G1
E00289,高橋 さゆり,F,1987-09-02,2017-02-18,D004,部長,正社員,G2
E00290,山口 さゆり,F,1990-08-11,2017-03-13,D013,一般,正社員,G1
E00291,山本 明美,F,1987-06-03,2023-10-20,D016,一般,正社員,G3
E00292,加藤 さゆり,F,1996-11-07,2024-09-25,D004,係長,正社員,G4
E00293,三浦 裕太,M,1976-04-16,2023-03-24,D011,一般,正社員,G2
E00294,坂本 健一,M,1994-01-18,2021-02-15,D009,一般,正社員,G3
E00295,鈴木 直人,M,1999-09-02,2025-04-18,D006,一般,正社員,G3
E00296,佐藤 充,M,1982-01-11,2010-09-19,D015,課長,正社員,G2
E00297,田中 里佳,F,1993-01-31,2023-09-13,D003,一般,派遣社員,G4
E00298,井上 英樹,M,1968-05-04,2020-06-07,D015,係長,正社員,G5
E00299,佐々木 真綾,F,1994-12-28,2024-07-10,D007,一般,正社員,G2
E00300,山田 修平,M,1986-08-18,2022-07-02,D016,一般,正社員,G1
E00301,福田 淳,M,1972-11-23,2010-06-19,D008,課長,正社員,G5
E00302,坂本 真綾,F,2002-03-20,2024-10-06,D007,一般,正社員,G4
E00303,近藤 さゆり,F,1995-02-05,2021-05-26,D003,一般,正社員,G3
E00304,田中 あすか,F,1991-05-13,2019-05-13,D009,課長,正社員,G2
E00305,太田 香織,F,1988-07-01,2011-05-12,D007,一般,契約社員,G6
E00306,遠藤 知実,F,1980-09-15,2009-07-04,D006,部長,正社員,G3
E00307,井上 治,M,1985-03-01,2012-09-16,D004,課長,正社員,G3
E00308,田中 千代,F,2003-08-27,2025-07-14,D001,係長,正社員,G2
E00309,木村 加奈,F,1998-11-02,2021-11-30,D004,一般,正社員,G1
E00310,中島 篤司,M,1976-11-16,2009-07-16,D002,主任,正社員,G4
E00311,高橋 花子,F,1996-05-15,2019-02-10,D007,係長,正社員,G5
E00312,山崎 裕太,M,1981-05-10,2008-05-21,D010,課長,正社員,G3
E00313,伊藤 太一,M,1990-11-30,2017-12-09,D003,主任,正社員,G2
E00314,山本 くみ子,F,1979-06-29,2019-05-25,D002,課長,正社員,G3
E00315,森 修平,M,1989-09-29,2012-01-21,D010,一般,正社員,G3
E00316,遠藤 陽一,M,1969-03-25,2025-07-14,D006,一般,正社員,G3
E00317,佐藤 治,M,1986-09-14,2012-06-16,D015,係長,正社員,G3
E00318,渡辺 健一,M,1980-04-13,2004-01-07,D004,一般,正社員,G1
E00319,山本 七夏,F,1983-08-07,2008-06-08,D004,課長,正社員,G3
E00320,加藤 智也,M,1986-07-21,2020-09-21,D016,主任,派遣社員,G3
E00321,中川 充,M,1992-12-24,2018-02-21,D005,係長,契約社員,G3
E00322,佐藤 翼,M,1992-03-18,2023-08-15,D009,主任,契約社員,G1
E00323,山本 裕美子,F,1989-09-04,2013-04-09,D014,部長,派遣社員,G2
E00324,伊藤 桃子,F,1994-03-29,2024-08-25,D013,一般,派遣社員,G3
E00325,西村 零,M,1994-06-07,2022-01-02,D010,主任,正社員,G3
E00326,前田 くみ子,F,1995-01-13,2020-01-13,D013,一般,正社員,G3
E00327,山下 晃,M,1978-10-26,2019-06-14,D001,一般,正社員,G5
E00328,渡辺 春香,F,2003-08-23,2025-03-13,D004,課長,正社員,G4
E00329,小林 翔太,M,1985-01-13,2018-11-18,D001,主任,契約社員,G1
E00330,鈴木 あすか,F,1990-08-25,2021-12-29,D005,係長,契約社員,G6
E00331,森 春香,F,1983-02-18,2009-08-02,D005,課長,正社員,G6
E00332,福田 亮介,M,1995-11-26,2024-08-03,D005,主任,派遣社員,G5
E00333,長谷川 春香,F,1991-10-07,2013-04-11,D014,一般,正社員,G3
E00334,後藤 淳,M,1990-12-26,2021-04-26,D016,部長,正社員,G2
E00335,小林 修平,M,1984-03-15,2015-03-02,D001,係長,契約社員,G2
E00336,岡田 修平,M,1987-07-22,2013-01-10,D004,一般,正社員,G1
E00337,佐藤 健一,M,1990-09-23,2014-01-26,D006,係長,正社員,G5
E00338,山下 七夏,F,1995-11-22,2022-02-24,D005,一般,正社員,G4
E00339,藤田 太一,M,1981-04-19,2017-06-17,D009,一般,正社員,G3
E00340,太田 香織,F,1983-10-05,2011-06-04,D014,主任,正社員,G1
E00341,阿部 稔,M,1994-02-16,2021-01-04,D015,主任,正社員,G3
E00342,佐々木 涼平,M,1997-06-03,2020-07-04,D011,一般,正社員,G6
E00343,山崎 明美,F,1998-10-24,2025-12-13,D003,主任,正社員,G2
E00344,福田 裕太,M,1986-02-14,2012-11-27,D003,課長,正社員,G6
E00345,池田 康弘,M,1970-08-26,2007-03-18,D010,一般,正社員,G4
E00346,佐藤 聡太郎,M,1976-06-09,2013-01-20,D009,課長,契約社員,G5
E00347,松田 結衣,F,1987-04-13,2011-10-06,D002,係長,契約社員,G3
E00348,坂本 くみ子,F,2003-09-05,2025-05-25,D005,一般,正社員,G6
E00349,中島 洋介,M,1968-09-10,2023-04-24,D009,一般,正社員,G5
E00350,佐藤 裕美子,F,1970-10-29,2017-11-12,D014,一般,契約社員,G5
E00351,青木 智也,M,2003-03-26,2025-11-20,D001,部長,正社員,G3
E00352,福田 直人,M,1992-11-04,2017-05-14,D010,主任,正社員,G3
E00353,伊藤 さゆり,F,2000-09-06,2023-07-07,D009,一般,正社員,G2
E00354,田中 桃子,F,1984-02-11,2006-11-02,D008,一般,正社員,G1
E00355,山本 和也,M,1989-06-15,2011-09-05,D015,課長,正社員,G5
E00356,佐々木 裕太,M,1987-06-10,2023-12-09,D004,一般,正社員,G3
E00357,清水 翔太,M,1981-12-26,2025-02-27,D016,主任,派遣社員,G2
E00358,佐藤 治,M,1989-02-14,2022-07-25,D004,一般,契約社員,G2
E00359,中村 里佳,F,1988-04-17,2021-07-07,D016,主任,正社員,G1
E00360,青木 智也,M,1982-09-04,2016-06-05,D002,係長,派遣社員,G4
E00361,山崎 さゆり,F,1976-02-21,2003-03-27,D015,部長,正社員,G4
E00362,福田 幹,F,1984-05-07,2018-06-10,D014,一般,正社員,G6
E00363,山本 幹,F,2000-07-06,2024-01-01,D014,係長,正社員,G1
E00364,佐々木 明美,F,1994-07-13,2022-03-29,D003,一般,正社員,G5
E00365,田中 学,M,1965-07-18,2002-06-23,D010,係長,正社員,G6
E00366,中村 直人,M,1976-04-15,2002-12-31,D012,課長,正社員,G5
E00367,小林 美加子,F,1989-11-06,2013-03-24,D008,一般,派遣社員,G4
E00368,佐々木 くみ子,F,1978-01-20,2017-06-15,D003,一般,正社員,G5
E00369,高橋 裕太,M,1981-08-20,2023-06-21,D005,係長,正社員,G5
E00370,中島 知実,F,1999-02-01,2021-10-03,D007,一般,正社員,G2
E00371,清水 加奈,F,2003-09-29,2025-07-13,D007,課長,正社員,G3
E00372,山口 香織,F,1995-04-20,2021-11-28,D003,一般,契約社員,G3
E00373,吉田 零,M,1999-08-17,2022-11-02,D005,課長,契約社員,G4
E00374,小川 桃子,F,1994-02-15,2017-11-30,D012,主任,正社員,G2
E00375,高橋 千代,F,1971-08-14,2003-12-15,D002,部長,正社員,G4
E00376,森 里佳,F,1979-01-09,2016-02-10,D007,課長,正社員,G4
E00377,山下 香織,F,1978-04-28,2002-07-07,D011,課長,正社員,G4
E00378,福田 花子,F,1994-09-07,2016-10-24,D011,一般,正社員,G1
E00379,石井 篤司,M,1999-10-04,2025-03-29,D010,一般,派遣社員,G4
E00380,遠藤 聡太郎,M,1983-11-09,2018-12-02,D012,主任,正社員,G1
E00381,佐藤 結衣,F,1993-10-03,2021-02-12,D012,一般,正社員,G3
E00382,藤原 美加子,F,1983-07-24,2015-10-23,D014,一般,正社員,G4
E00383,阿部 陽一,M,1993-09-02,2015-11-05,D011,部長,正社員,G3
E00384,太田 真綾,F,1992-11-28,2019-05-30,D011,係長,正社員,G4
E00385,佐藤 陽一,M,1987-09-11,2009-09-22,D009,一般,正社員,G3
E00386,高橋 春香,F,1997-09-10,2019-06-26,D011,主任,正社員,G2
E00387,藤井 稔,M,1966-04-21,1995-12-30,D006,部長,正社員,G3
E00388,吉田 花子,F,1984-07-26,2024-06-07,D010,一般,正社員,G4
E00389,佐藤 桃子,F,1973-10-13,2015-11-21,D014,主任,正社員,G4
E00390,中川 聡太郎,M,1985-01-18,2023-02-23,D010,一般,正社員,G4
E00391,佐々木 明美,F,1986-06-06,2017-08-25,D008,係長,正社員,G2
E00392,小林 幹,F,2000-12-27,2024-12-20,D008,主任,正社員,G6
E00393,阿部 春香,F,1975-09-21,1997-03-29,D016,部長,正社員,G1
E00394,福田 学,M,1995-09-05,2020-02-21,D010,主任,正社員,G2
E00395,田中 晃,M,1981-09-29,2011-09-28,D011,一般,契約社員,G2
E00396,佐々木 太郎,M,1979-04-02,2014-02-17,D001,部長,正社員,G3
E00397,山本 さゆり,F,1992-12-11,2023-08-19,D010,係長,正社員,G4
E00398,橋本 康弘,M,1991-11-29,2022-08-23,D016,一般,正社員,G3
E00399,山本 明美,F,1994-06-01,2017-05-17,D014,部長,正社員,G4
E00400,田中 太郎,M,1982-04-16,2022-08-11,D012,一般,正社員,G4
E00401,佐藤 美加子,F,1995-07-23,2021-05-13,D010,一般,契約社員,G3
E00402,藤原 康弘,M,1991-04-11,2017-05-22,D004,部長,正社員,G5
E00403,清水 陽子,F,1981-11-07,2004-10-30,D015,課長,派遣社員,G1
E00404,佐藤 さゆり,F,1989-01-17,2018-09-12,D016,一般,正社員,G1
E00405,中村 太一,M,1991-09-25,2021-02-28,D004,一般,正社員,G2
E00406,石川 桃子,F,1996-04-04,2019-08-11,D015,一般,契約社員,G1
E00407,岡田 直子,F,1988-07-31,2014-05-02,D013,課長,正社員,G2
E00408,長谷川 康弘,M,1988-04-13,2022-05-15,D009,主任,正社員,G6
E00409,山下 裕美子,F,1984-04-08,2007-08-04,D007,係長,正社員,G6
E00410,藤原 美加子,F,1974-11-12,2006-09-07,D016,一般,正社員,G1
E00411,鈴木 花子,F,1974-11-02,2018-08-12,D002,主任,正社員,G3
E00412,中島 七夏,F,2002-08-10,2024-11-28,D012,一般,正社員,G1
E00413,近藤 京助,M,1979-09-06,2022-10-30,D005,主任,正社員,G4
E00414,松田 明美,F,1980-12-29,2022-08-10,D005,主任,正社員,G3
E00415,松本 くみ子,F,1987-01-14,2012-03-11,D006,一般,正社員,G4
E00416,小林 美加子,F,1998-02-11,2022-07-28,D012,部長,正社員,G4
E00417,小林 明美,F,1987-08-19,2013-09-15,D013,一般,正社員,G3
E00418,高橋 裕太,M,1966-04-09,2003-06-13,D002,係長,契約社員,G5
E00419,小川 香織,F,1967-05-29,1999-05-15,D006,主任,正社員,G2
E00420,山本 涼平,M,1976-06-06,2020-04-10,D005,主任,契約社員,G3
E00421,加藤 香織,F,1998-04-05,2024-07-20,D006,一般,契約社員,G2
E00422,小林 和也,M,2002-01-31,2025-12-24,D008,課長,正社員,G2
E00423,井上 直樹,M,1984-05-21,2007-11-17,D011,係長,正社員,G3
E00424,小川 太郎,M,1986-05-16,2012-03-11,D002,課長,正社員,G5
E00425,西村 結衣,F,1983-08-25,2007-01-03,D001,主任,派遣社員,G4
E00426,太田 陽一,M,1980-05-14,2022-01-29,D009,課長,正社員,G2
E00427,渡辺 里佳,F,1989-03-28,2023-05-18,D007,主任,正社員,G6
E00428,加藤 七夏,F,1990-09-17,2016-12-20,D008,主任,契約社員,G3
E00429,山本 千代,F,1979-03-08,2005-02-17,D005,一般,正社員,G5
E00430,斎藤 治,M,1997-01-22,2023-09-28,D002,主任,正社員,G3
E00431,伊藤 涼平,M,1986-10-08,2016-03-27,D013,一般,正社員,G6
E00432,斎藤 健一,M,1973-10-24,2021-05-08,D010,一般,正社員,G5
E00433,中島 舞,F,1982-10-26,2017-12-26,D014,一般,正社員,G6
E00434,岡田 里佳,F,1973-07-26,2014-11-14,D014,課長,正社員,G3
E00435,太田 零,M,1998-07-09,2021-12-20,D010,一般,正社員,G4
E00436,加藤 学,M,1994-09-22,2022-08-05,D004,係長,正社員,G6
E00437,清水 裕美子,F,1989-11-15,2013-04-28,D005,係長,正社員,G3
E00438,松本 里佳,F,1971-08-01,2008-04-15,D006,係長,正社員,G6
E00439,池田 京助,M,1981-02-28,2023-04-26,D014,部長,正社員,G3
E00440,中島 直子,F,1982-07-17,2022-09-06,D016,一般,正社員,G5
E00441,山口 七夏,F,1993-10-30,2020-11-19,D006,主任,正社員,G6
E00442,橋本 知実,F,1972-11-11,2016-04-12,D014,主任,正社員,G4
E00443,山本 陽子,F,1984-07-15,2023-03-19,D005,係長,正社員,G3
E00444,山口 陽子,F,1988-11-23,2024-05-28,D004,課長,正社員,G2
E00445,渡辺 康弘,M,1986-02-26,2016-04-25,D008,一般,正社員,G3
E00446,鈴木 直人,M,1997-03-27,2023-07-25,D002,課長,正社員,G6
E00447,加藤 加奈,F,1984-04-12,2007-03-30,D016,係長,正社員,G4
E00448,山本 陽子,F,1981-02-18,2014-11-12,D004,課長,正社員,G6
E00449,渡辺 幹,F,1987-08-19,2015-07-24,D015,部長,正社員,G3
E00450,小林 翼,M,1990-07-06,2017-01-16,D016,課長,正社員,G2
E00451,松田 零,M,1980-02-07,2007-09-16,D016,課長,契約社員,G3
E00452,佐藤 裕美子,F,1982-11-26,2012-04-27,D009,一般,正社員,G3
E00453,中川 直樹,M,1995-08-29,2019-01-17,D014,一般,正社員,G5
E00454,加藤 亮介,M,1979-12-11,2006-01-03,D006,課長,正社員,G5
E00455,山本 直樹,M,1974-02-20,2004-07-06,D016,係長,正社員,G4
E00456,伊藤 治,M,1965-03-08,2025-02-15,D016,部長,正社員,G5
E00457,木村 洋介,M,1993-05-18,2017-03-18,D004,一般,正社員,G3
E00458,橋本 英樹,M,1993-06-26,2022-11-29,D007,係長,正社員,G1
E00459,山本 七夏,F,1998-11-03,2021-08-12,D016,一般,正社員,G2
E00460,村上 零,M,1980-06-08,2007-09-04,D004,係長,正社員,G6
E00461,村上 千代,F,1987-02-22,2020-11-18,D013,一般,正社員,G1
E00462,石川 春香,F,1993-10-05,2023-10-21,D006,一般,正社員,G3
E00463,斎藤 拓真,M,1976-05-05,2008-07-29,D004,部長,正社員,G5
E00464,佐藤 修平,M,1984-09-07,2014-03-19,D008,主任,契約社員,G6
E00465,森 結衣,F,1969-04-04,2017-10-06,D014,一般,正社員,G1
E00466,山本 陽子,F,1986-02-14,2022-03-21,D013,一般,正社員,G6
E00467,小林 洋介,M,1994-08-19,2020-12-02,D003,一般,正社員,G5
E00468,前田 太郎,M,1978-07-28,2007-02-08,D011,係長,正社員,G4
E00469,渡辺 拓真,M,1970-11-27,2000-11-04,D005,課長,契約社員,G3
E00470,井上 稔,M,1967-07-02,2015-09-25,D014,一般,正社員,G3
E00471,清水 幹,F,1988-05-31,2013-12-13,D013,一般,正社員,G2
E00472,鈴木 里佳,F,1971-05-14,2000-01-23,D009,係長,正社員,G5
E00473,橋本 春香,F,1996-03-23,2025-03-15,D002,課長,正社員,G6
E00474,太田 浩,M,1985-01-30,2016-12-14,D004,一般,契約社員,G6
E00475,橋本 晃,M,1998-03-06,2025-06-03,D009,課長,契約社員,G5
E00476,渡辺 里佳,F,1981-09-30,2020-04-26,D009,係長,正社員,G1
E00477,伊藤 香織,F,2001-09-30,2023-06-13,D015,一般,正社員,G2
E00478,石井 健一,M,1997-12-25,2023-05-05,D001,係長,契約社員,G3
E00479,松本 健一,M,1974-07-04,2018-09-08,D012,一般,正社員,G5
E00480,山口 里佳,F,1985-06-26,2023-04-23,D002,一般,契約社員,G5
E00481,田中 修平,M,2002-06-25,2025-04-22,D005,係長,正社員,G5
E00482,田中 翔太,M,1992-02-27,2018-08-10,D003,課長,派遣社員,G4
E00483,藤原 太一,M,1992-05-30,2024-10-06,D013,係長,正社員,G5
E00484,吉田 英樹,M,2000-10-07,2023-03-21,D002,一般,正社員,G2
E00485,藤田 康弘,M,1990-11-04,2014-06-06,D012,部長,正社員,G2
E00486,山崎 裕太,M,1991-07-15,2019-08-28,D015,主任,正社員,G2
E00487,伊藤 裕樹,M,1972-06-16,2011-08-14,D001,係長,派遣社員,G3
E00488,松本 零,M,1990-05-26,2013-11-12,D007,一般,正社員,G5
E00489,鈴木 さゆり,F,2003-10-13,2025-01-20,D015,課長,正社員,G2
E00490,橋本 陽子,F,1990-11-05,2013-05-13,D003,係長,正社員,G1
E00491,佐藤 加奈,F,1979-03-11,2016-10-29,D010,課長,正社員,G1
E00492,山崎 桃子,F,1968-05-06,2011-05-23,D014,一般,契約社員,G4
E00493,阿部 陽子,F,1977-10-16,2007-12-14,D011,部長,契約社員,G2
E00494,森 亮介,M,1994-05-27,2020-08-13,D010,係長,正社員,G5
E00495,山田 涼平,M,2000-07-02,2024-07-17,D001,一般,派遣社員,G4
E00496,山下 加奈,F,1997-09-06,2022-04-16,D004,一般,正社員,G1
E00497,遠藤 裕美子,F,2000-09-30,2022-10-18,D006,一般,正社員,G4
E00498,高橋 陽子,F,1973-11-24,2000-12-12,D001,一般,正社員,G2
E00499,渡辺 陽子,F,1965-08-13,1996-02-28,D014,係長,正社員,G3
E00500,松田 さゆり,F,1976-09-10,2005-10-20,D002,一般,正社員,G3
E00501,森 さゆり,F,1986-09-28,2011-12-15,D016,主任,派遣社員,G6
E00502,松本 里佳,F,1984-07-12,2009-05-07,D002,課長,正社員,G3
E00503,高橋 香織,F,1994-08-12,2024-06-15,D016,主任,正社員,G5
E00504,佐藤 淳,M,2001-11-19,2025-03-17,D007,一般,正社員,G6
E00505,山本 浩,M,1994-07-09,2018-05-30,D011,部長,正社員,G3
E00506,橋本 陽一,M,1974-06-17,2008-08-19,D013,課長,正社員,G5
E00507,田中 七夏,F,1990-11-28,2019-02-10,D002,係長,契約社員,G3
E00508,村上 学,M,1987-08-16,2013-11-27,D006,課長,正社員,G1
E00509,清水 里佳,F,1984-08-01,2025-06-17,D010,一般,契約社員,G2
E00510,松本 英樹,M,1986-02-28,2014-10-10,D001,部長,正社員,G4
E00511,岡田 直子,F,1991-03-03,2016-04-28,D012,一般,正社員,G4
E00512,佐藤 聡太郎,M,2000-07-29,2025-04-16,D007,主任,正社員,G3
E00513,田中 幹,F,1984-11-16,2014-06-29,D001,課長,正社員,G3
E00514,村上 学,M,1981-03-08,2014-12-08,D008,係長,正社員,G5
E00515,前田 京助,M,1990-07-12,2015-11-23,D007,主任,契約社員,G1
E00516,斉藤 充,M,2003-07-16,2025-06-20,D008,一般,正社員,G2
E00517,佐藤 淳,M,1995-08-29,2021-05-14,D002,部長,契約社員,G2
E00518,小川 直人,M,1990-12-17,2018-11-27,D005,主任,契約社員,G3
E00519,青木 知実,F,1988-05-16,2019-04-10,D006,課長,契約社員,G4
E00520,坂本 浩,M,2000-04-19,2023-08-04,D004,係長,正社員,G2
E00521,山田 幹,F,1981-11-24,2012-09-30,D006,係長,正社員,G3
E00522,吉田 裕樹,M,1996-01-22,2024-08-21,D014,一般,正社員,G4
E00523,岡田 あすか,F,1990-08-09,2014-10-07,D009,主任,正社員,G2
E00524,伊藤 里佳,F,1979-12-10,2008-05-31,D014,課長,正社員,G2
E00525,山本 陽子,F,1985-05-18,2012-05-28,D007,課長,正社員,G5
E00526,岡田 陽子,F,1993-05-27,2024-02-15,D004,一般,正社員,G2
E00527,高橋 くみ子,F,1991-03-10,2019-07-09,D001,一般,契約社員,G4
E00528,中村 あすか,F,1996-05-24,2018-06-09,D013,係長,正社員,G4
E00529,近藤 桃子,F,1980-11-21,2020-03-19,D008,主任,正社員,G1
E00530,佐々木 直樹,M,1972-09-15,2018-07-11,D002,一般,正社員,G3
E00531,伊藤 直人,M,1992-07-06,2017-02-21,D014,一般,正社員,G2
E00532,高橋 香織,F,1986-08-10,2023-11-25,D006,一般,正社員,G2
E00533,林 翼,M,2000-08-24,2023-07-21,D002,一般,正社員,G6
E00534,斎藤 修平,M,1992-04-14,2017-01-06,D013,係長,正社員,G3
E00535,鈴木 美加子,F,2003-08-04,2025-02-01,D006,主任,正社員,G3
E00536,松本 太一,M,1994-02-11,2016-03-01,D011,一般,正社員,G3
E00537,松田 裕太,M,1986-09-21,2018-03-07,D013,課長,正社員,G1
E00538,前田 直樹,M,2001-01-15,2025-09-17,D003,係長,正社員,G4
E00539,加藤 里佳,F,1997-02-28,2019-08-11,D014,主任,正社員,G3
E00540,田中 くみ子,F,1988-06-21,2020-11-07,D014,一般,正社員,G2
E00541,後藤 零,M,1976-01-16,2014-01-14,D007,係長,正社員,G2
E00542,山本 康弘,M,1999-09-07,2023-04-01,D011,課長,契約社員,G3
E00543,石川 真綾,F,2001-06-05,2025-03-02,D002,一般,契約社員,G6
E00544,加藤 聡太郎,M,1993-07-05,2020-01-12,D015,係長,正社員,G4
E00545,中村 学,M,1998-12-12,2022-08-17,D015,係長,正社員,G2
E00546,近藤 直人,M,1988-10-14,2024-08-25,D011,課長,正社員,G4
E00547,吉田 花子,F,1989-11-17,2011-12-12,D014,課長,正社員,G5
E00548,吉田 英樹,M,1975-09-17,2005-09-24,D006,係長,正社員,G2
E00549,田中 明美,F,1984-03-24,2021-08-19,D015,一般,正社員,G5
E00550,中村 くみ子,F,1988-08-05,2022-01-20,D006,一般,正社員,G4
E00551,山本 結衣,F,1983-07-27,2021-05-09,D009,課長,契約社員,G6
E00552,鈴木 加奈,F,1999-12-05,2023-04-19,D009,係長,正社員,G4
E00553,鈴木 太郎,M,1998-10-12,2022-03-04,D003,係長,契約社員,G4
E00554,松田 明美,F,1989-01-24,2017-02-16,D006,部長,正社員,G3
E00555,伊藤 七夏,F,1988-10-11,2018-10-23,D015,一般,正社員,G6
E00556,藤原 結衣,F,1986-02-20,2016-07-23,D004,一般,正社員,G1
E00557,吉田 修平,M,2003-07-20,2025-06-06,D016,主任,正社員,G1
E00558,小林 くみ子,F,1987-11-12,2016-05-06,D010,係長,正社員,G3
E00559,鈴木 七夏,F,2000-06-19,2024-01-28,D014,一般,正社員,G2
E00560,福田 陽子,F,1996-11-18,2018-11-03,D005,係長,正社員,G2
E00561,阿部 太郎,M,1982-07-17,2014-04-01,D002,課長,正社員,G4
E00562,中村 智也,M,1990-07-23,2018-08-17,D008,一般,正社員,G5
E00563,佐藤 明美,F,1999-06-05,2024-10-25,D004,主任,正社員,G3
E00564,井上 桃子,F,1974-12-31,2008-10-11,D016,係長,派遣社員,G3
E00565,山本 七夏,F,1979-01-18,2015-09-27,D006,主任,正社員,G4
E00566,佐々木 香織,F,1989-09-26,2025-02-07,D009,一般,正社員,G4
E00567,池田 智也,M,1990-02-21,2018-10-25,D008,主任,契約社員,G1
E00568,加藤 聡太郎,M,2003-06-08,2025-12-11,D008,主任,正社員,G1
E00569,山口 修平,M,1981-05-23,2003-04-25,D013,主任,派遣社員,G2
E00570,小林 翔太,M,1987-12-13,2021-09-18,D012,主任,正社員,G1
E00571,藤原 くみ子,F,1994-12-01,2016-12-04,D003,課長,正社員,G1
E00572,田中 篤司,M,1974-10-23,2015-10-27,D005,係長,正社員,G4
E00573,池田 春香,F,1993-03-19,2022-05-04,D015,部長,正社員,G2
E00574,山本 太郎,M,1996-09-06,2021-02-07,D014,係長,契約社員,G4
E00575,石川 聡太郎,M,1990-12-30,2024-10-08,D007,一般,正社員,G4
E00576,小林 健一,M,1997-12-10,2025-11-09,D015,係長,契約社員,G3
E00577,佐々木 明美,F,1983-01-19,2018-12-03,D002,主任,正社員,G5
E00578,佐藤 真綾,F,1986-01-30,2020-11-14,D002,係長,正社員,G2
E00579,岡田 直子,F,1994-06-11,2025-10-15,D004,主任,正社員,G5
E00580,鈴木 さゆり,F,1990-02-26,2019-11-29,D016,課長,派遣社員,G3
E00581,高橋 浩,M,1967-12-09,1997-08-12,D012,課長,正社員,G3
E00582,佐藤 篤司,M,1995-12-19,2023-06-17,D016,課長,正社員,G5
E00583,高橋 裕太,M,1989-11-24,2012-10-04,D006,係長,契約社員,G5
E00584,中島 涼平,M,2003-10-06,2025-12-21,D010,一般,契約社員,G1
E00585,田中 真綾,F,1974-02-13,2005-04-05,D003,主任,正社員,G4
E00586,阿部 直樹,M,1997-09-30,2020-02-14,D005,一般,正社員,G4
E00587,鈴木 太郎,M,1971-06-10,1995-11-29,D016,一般,契約社員,G6
E00588,鈴木 加奈,F,2003-05-01,2025-05-08,D015,一般,派遣社員,G3
E00589,高橋 裕樹,M,1977-08-07,2002-11-18,D013,主任,正社員,G3
E00590,三浦 七夏,F,1999-05-27,2021-09-19,D014,一般,正社員,G3
E00591,加藤 あすか,F,1995-01-06,2025-04-26,D010,部長,正社員,G5
E00592,近藤 花子,F,1991-09-07,2014-01-25,D013,一般,正社員,G5
E00593,小川 裕樹,M,1994-01-16,2019-09-12,D007,一般,正社員,G5
E00594,山田 明美,F,1975-01-27,2003-02-25,D013,係長,正社員,G2
E00595,藤田 明美,F,1991-08-31,2021-04-22,D004,一般,正社員,G4
E00596,後藤 真綾,F,1988-04-01,2023-09-15,D002,一般,正社員,G4
E00597,山口 翼,M,1986-06-12,2008-06-04,D004,主任,正社員,G2
E00598,小川 治,M,1985-09-08,2015-05-04,D010,一般,契約社員,G1
E00599,山崎 亮介,M,1989-03-20,2016-02-29,D012,一般,正社員,G3
E00600,吉田 淳,M,1991-01-16,2015-05-15,D007,主任,正社員,G4
